{"calibration_points": [[19, 19], [1901, 19], [19, 1181], [1901, 1181], [960, 600]], "gaze_points": [[940, 675], [940, 677], [936, 679], [940, 679], [940, 679]], "transform": [[235.24999999999804, 117.625, -300051.8749999982], [-58.09999999999958, 130.725, -33790.17500000038]]}